{
    "loss": 9.68126392364502,
    "accuracy": 0.5035971403121948
}