{
    "loss": 27.07021713256836,
    "accuracy": 0.48201438784599304
}