{
    "loss": 0.24501298367977142,
    "accuracy": 0.9424460530281067
}