{
    "loss": 4.018438816070557,
    "accuracy": 0.5035971403121948
}