{
    "loss": 3.2309844493865967,
    "accuracy": 0.6115108132362366
}