{
    "loss": 0.32042402029037476,
    "accuracy": 0.9064748287200928
}