{
    "loss": 13.985918998718262,
    "accuracy": 0.5179855823516846
}